<!DOCTYPE html PUBLIC "-//W3C//DTD XHTML 1.0 Transitional//EN" "http://www.w3.org/TR/xhtml1/DTD/xhtml1-transitional.dtd">
<html xmlns="http://www.w3.org/1999/xhtml">
<head>
<meta http-equiv="Content-Type" content="text/html; charset=iso-8859-1" />
<title>Auto Repair Company Reviews, Car Repair Shop Ratings</title>
<meta name="description" content="Post or read unbiased reviews, ratings and recommendations about local auto and car repair companies." /><link href="/s/s.css" rel="stylesheet" type="text/css" /><script src="/s/js.js"></script>
</head>
<body>
<div id="wrap">
<a href="http://www.autorepaircompanies.com"><img src="/s/l/auto-repair.gif" alt="USA Auto Repair &amp; Servicing Shops" id="logo"></a>
<div id="content">
<div id="main"><div id="mainC"><div id="if"></div><table class="text"><tr>
<td><img src="/s/review.gif" alt="Reviews of Auto Repair Companies"></td><th>
<h1>Reviews of Auto Repair Companies</h1>
<p>Post or read unbiased customer reviews and recommendations about local auto and car repair companies. Research the top ratings and make a more informed decisions. Submit your own opinions and help others. <div style="padding-top:5px;"><a href="javascript:void(0)" onclick="btnReviewAdd()" class="tReviews" rel="nofollow">Write a Review</a></div></p>
</th></tr></table>




<div class="line"></div><div class="subtitleC"><div class="subtitle">Browse by State</div></div><div class="line"></div><table style="width:100%;"><tr><td><script>function usa_map_url(s){return '/reviews/'+s;}</script><script src="/s/usa-map.js"></script></td><td><table  class="cats states"><tr class="first even"><td><a href="/reviews/alabama">Alabama</a> </td><td><a href="/reviews/louisiana">Louisiana</a> </td><td><a href="/reviews/ohio">Ohio</a> </td></tr><tr class="odd"><td><a href="/reviews/alaska">Alaska</a> </td><td><a href="/reviews/maine">Maine</a> </td><td><a href="/reviews/oklahoma">Oklahoma</a> </td></tr><tr class="even"><td><a href="/reviews/arizona">Arizona</a> </td><td><a href="/reviews/maryland">Maryland</a> </td><td><a href="/reviews/oregon">Oregon</a> </td></tr><tr class="odd"><td><a href="/reviews/arkansas">Arkansas</a> </td><td><a href="/reviews/massachusetts">Massachusetts</a> </td><td><a href="/reviews/pennsylvania">Pennsylvania</a> </td></tr><tr class="even"><td><a href="/reviews/california">California</a> </td><td><a href="/reviews/michigan">Michigan</a> </td><td><a href="/reviews/rhode-island">Rhode Island</a> </td></tr><tr class="odd"><td><a href="/reviews/colorado">Colorado</a> </td><td><a href="/reviews/minnesota">Minnesota</a> </td><td><a href="/reviews/south-carolina">South Carolina</a> </td></tr><tr class="even"><td><a href="/reviews/connecticut">Connecticut</a> </td><td><a href="/reviews/mississippi">Mississippi</a> </td><td><a href="/reviews/south-dakota">South Dakota</a> </td></tr><tr class="odd"><td><a href="/reviews/delaware">Delaware</a> </td><td><a href="/reviews/missouri">Missouri</a> </td><td><a href="/reviews/tennessee">Tennessee</a> </td></tr><tr class="even"><td><a href="/reviews/florida">Florida</a> </td><td><a href="/reviews/montana">Montana</a> </td><td><a href="/reviews/texas">Texas</a> </td></tr><tr class="odd"><td><a href="/reviews/georgia">Georgia</a> </td><td><a href="/reviews/nebraska">Nebraska</a> </td><td><a href="/reviews/utah">Utah</a> </td></tr><tr class="even"><td><a href="/reviews/hawaii">Hawaii</a> </td><td><a href="/reviews/nevada">Nevada</a> </td><td><a href="/reviews/vermont">Vermont</a> </td></tr><tr class="odd"><td><a href="/reviews/idaho">Idaho</a> </td><td><a href="/reviews/new-hampshire">New Hampshire</a> </td><td><a href="/reviews/virginia">Virginia</a> </td></tr><tr class="even"><td><a href="/reviews/illinois">Illinois</a> </td><td><a href="/reviews/new-jersey">New Jersey</a> </td><td><a href="/reviews/washington">Washington</a> </td></tr><tr class="odd"><td><a href="/reviews/indiana">Indiana</a> </td><td><a href="/reviews/new-mexico">New Mexico</a> </td><td><a href="/reviews/washington-d-c">Washington D.C.</a> </td></tr><tr class="even"><td><a href="/reviews/iowa">Iowa</a> </td><td><a href="/reviews/new-york">New York</a> </td><td><a href="/reviews/west-virginia">West Virginia</a> </td></tr><tr class="odd"><td><a href="/reviews/kansas">Kansas</a> </td><td><a href="/reviews/north-carolina">North Carolina</a> </td><td><a href="/reviews/wisconsin">Wisconsin</a> </td></tr><tr class="last even"><td><a href="/reviews/kentucky">Kentucky</a> </td><td><a href="/reviews/north-dakota">North Dakota</a> </td><td><a href="/reviews/wyoming">Wyoming</a> </td></tr></table></td></tr></table>
<div class="line"></div><div class="subtitleC"><div class="subtitle">Latest Reviews</div></div><div class="line"></div><div class="i"><table class="content"><tr><td class="data"><table class="header"><tr><td class="title"><a href="/business/northern-european-automotive">Northern European Automotive</a></td><td class="rightO">(603) 228-0533</td></tr></table><img src="/s/r/50.gif"><p>Thanks Tim for everything over the years. You a a fare honest business man thats why I have trusted my cars with you for over 20 yrs.</p><div class="atl"><span style="font-weight:normal">Rating: </span>Excellent</div><div class="atr"> Concord, NH 3301</div><br style="clear:both"><div class="atl"><a href="javascript:void(0)" onclick="pReport('review', 120313)" class="report10">report as inappropriate</a></div><div class="atr"> 223 S Main Strt</div></td><td class="logo"><img src="/s/flags/nh.gif" alt="Review of Northern European Automotive - Concord, NH 3301"></td></tr></table></div><div class="line"></div><div class="i"><table class="content"><tr><td class="data"><table class="header"><tr><td class="title"><a href="/business/hicklers-garage">Hickler's Garage</a></td><td class="rightO">(610) 588-2994</td></tr></table><img src="/s/r/45.gif"><p>THESE GUYS ROCK! My car broke down while traveling through a near by town on a canoe trip, and they were the nearest shop. They went out of their way to accommodate my schedule, and ended up fixing my car for pretty cheap. Super honest, would definitely recommend them.</p><div class="atl"><span style="font-weight:normal">Rating: </span>Excellent</div><div class="atr"> Bangor, PA 18013</div><br style="clear:both"><div class="atl"><a href="javascript:void(0)" onclick="pReport('review', 119903)" class="report10">report as inappropriate</a></div><div class="atr"> 6 West Central Ave</div></td><td class="logo"><img src="/s/flags/pa.gif" alt="Review of Hickler's Garage - Bangor, PA 18013"></td></tr></table></div><div class="line"></div><div class="i"><table class="content"><tr><td class="data"><table class="header"><tr><td class="title"><a href="/business/jax-auto-mart-inc">Jax Auto Mart, Inc</a></td><td class="rightO">(904) 379-7337</td></tr></table><img src="/s/r/10.gif"><p>Unethical business with &quot;zero&quot; integrity. Beware the signs stating they are a Member of the Better Business Bureau! They are not--there is no record of them ever having been a member. Their ASE Certified Mechanics are NOT certified through the ASE.

Their sole purpose is to rip off</p><div class="atl"><span style="font-weight:normal">Rating: </span>Poor</div><div class="atr"> Jacksonville, FL 32207</div><br style="clear:both"><div class="atl"><a href="javascript:void(0)" onclick="pReport('review', 119721)" class="report10">report as inappropriate</a></div><div class="atr"> 5950 Atlantic Blvd.</div></td><td class="logo"><img src="/i/c/2010/06/b6e056.jpg" alt="Review of Jax Auto Mart, Inc - Jacksonville, FL 32207"></td></tr></table></div><div class="line"></div><div class="i"><table class="content"><tr><td class="data"><table class="header"><tr><td class="title"><a href="/business/jax-auto-mart-inc">Jax Auto Mart, Inc</a></td><td class="rightO">(904) 379-7337</td></tr></table><img src="/s/r/15.gif"><p>Run as fast as you can. The owner has not one ounce of integrity and the place is full of dishonest people. They will do work that is not necessary and even after he is paid, he will keep throwing more bills at you and sue you too.  DO NOT go to a mechanic in this town unless you have word</p><div class="atl"><span style="font-weight:normal">Rating: </span>Poor</div><div class="atr"> Jacksonville, FL 32207</div><br style="clear:both"><div class="atl"><a href="javascript:void(0)" onclick="pReport('review', 119715)" class="report10">report as inappropriate</a></div><div class="atr"> 5950 Atlantic Blvd.</div></td><td class="logo"><img src="/i/c/2010/06/b6e056.jpg" alt="Review of Jax Auto Mart, Inc - Jacksonville, FL 32207"></td></tr></table></div><div class="line"></div><div class="i"><table class="content"><tr><td class="data"><table class="header"><tr><td class="title"><a href="/business/perfection-auto-works">Perfection Auto Works</a></td><td class="rightO">(520) 323-8650</td></tr></table><img src="/s/r/50.gif"><p>My history with Mike and crew began several years ago. I was driving my young daughter to school when my Nissan literally broke down on Mike's doorstep. Little did I know how fortunate I was that morning that we landed right in front of Perfection Auto Works . Mike had his mechanic drive us</p><div class="atl"><span style="font-weight:normal">Rating: </span>Excellent</div><div class="atr"> Tucson, AZ 85711</div><br style="clear:both"><div class="atl"><a href="javascript:void(0)" onclick="pReport('review', 119535)" class="report10">report as inappropriate</a></div><div class="atr"> 1046 North Beverly Ave</div></td><td class="logo"><img src="/s/flags/az.gif" alt="Review of Perfection Auto Works - Tucson, AZ 85711"></td></tr></table></div><div class="line"></div><div class="i"><table class="content"><tr><td class="data"><table class="header"><tr><td class="title"><a href="/business/tri-tec-automotive">Tri-Tec Automotive</a></td><td class="rightO">(410) 224-4552</td></tr></table><img src="/s/r/15.gif"><p>I went to pick up the car yesterday and found many problems with it.

1. The air conditioning wasn't working.
2. The central door locking system wasn't working.
3. The left front corner light wasn't working.
4. The emergency flasher button was pushed into the dash.
5. The trim on the right</p><div class="atl"><span style="font-weight:normal">Rating: </span>Fair</div><div class="atr"> Annapolis, MD 21401</div><br style="clear:both"><div class="atl"><a href="javascript:void(0)" onclick="pReport('review', 119409)" class="report10">report as inappropriate</a></div><div class="atr"> 40 Hudson Street</div></td><td class="logo"><img src="/s/flags/md.gif" alt="Review of Tri-Tec Automotive - Annapolis, MD 21401"></td></tr></table></div><div class="line"></div><div class="i"><table class="content"><tr><td class="data"><table class="header"><tr><td class="title"><a href="/business/giddeons-automotive">Giddeons Automotive</a></td><td class="rightO">(678) 494-6473</td></tr></table><img src="/s/r/50.gif"><p>When my turn signal stopped working, Larry Giddeons checked my car and determined the part needed had to come from the dealer. He replaced the part in a short time and the price i paid was very fair. I highly recommend Giddeons Automotive. He treats all customers well, but especially women.</p><div class="atl"><span style="font-weight:normal">Rating: </span>Excellent</div><div class="atr"> Woodstock, GA 30189</div><br style="clear:both"><div class="atl"><a href="javascript:void(0)" onclick="pReport('review', 119328)" class="report10">report as inappropriate</a></div><div class="atr"> 103 Elliott Industrial Dr.</div></td><td class="logo"><img src="/i/c/2010/09/5d5579.jpg" alt="Review of Giddeons Automotive - Woodstock, GA 30189"></td></tr></table></div><div class="line"></div><div class="i"><table class="content"><tr><td class="data"><table class="header"><tr><td class="title"><a href="/business/auto-sense">Auto Sense</a></td><td class="rightO">(410) 761-1599</td></tr></table><img src="/s/r/50.gif"><p>Good honest family owned business and they do Great work !!!!</p><div class="atl"><span style="font-weight:normal">Rating: </span>Excellent</div><div class="atr"> Millersville, MD 21108</div><br style="clear:both"><div class="atl"><a href="javascript:void(0)" onclick="pReport('review', 119164)" class="report10">report as inappropriate</a></div><div class="atr"> 8209 Cloverleaf Dr.</div></td><td class="logo"><img src="/i/c/2012/03/292b87.jpg" alt="Review of Auto Sense - Millersville, MD 21108"></td></tr></table></div><div class="line"></div><div class="i"><table class="content"><tr><td class="data"><table class="header"><tr><td class="title"><a href="/business/sports-cars-unlimited">Sports Cars Unlimited</a></td><td class="rightO">(850) 303-0074</td></tr></table><img src="/s/r/50.gif"><p>We broke down in our 1990 Corvette when on vacation at Panama City Beach last summer after a quick Internet search Sports Cars Unlimited covered the first 3 pages of my Google search so i called them. By the end of the same day my Corvette was running once again thanks ti David Steele owner</p><div class="atl"><span style="font-weight:normal">Rating: </span>Excellent</div><div class="atr"> Panama City Beach, FL 32408</div><br style="clear:both"><div class="atl"><a href="javascript:void(0)" onclick="pReport('review', 119162)" class="report10">report as inappropriate</a></div><div class="atr"> 600 Commerce Dr</div></td><td class="logo"><img src="/i/c/2010/09/6f2908.jpg" alt="Review of Sports Cars Unlimited - Panama City Beach, FL 32408"></td></tr></table></div><div class="line"></div><div class="i"><table class="content"><tr><td class="data"><table class="header"><tr><td class="title"><a href="/business/cdts-auto-restoration-collision-repair">CDT's Auto Restoration & Collision Repair</a></td><td class="rightO">(281) 361-5570</td></tr></table><img src="/s/r/15.gif"><p>Will steal parts pre paid for and refuse to answer the phone. $10,000 and my car looks like the kid next door did the bodywork! Avoid Chris Tillman at all costs!  Forced me to pay cash so I was unable to revoke payment on credit card. Every shop that has looked at his work is horrified!</p><div class="atl"><span style="font-weight:normal">Rating: </span>Poor</div><div class="atr"> Huffman, TX 77336</div><br style="clear:both"><div class="atl"><a href="javascript:void(0)" onclick="pReport('review', 119136)" class="report10">report as inappropriate</a></div><div class="atr"> 30737 Huffman Cleveland Road</div></td><td class="logo"><img src="/s/flags/tx.gif" alt="Review of CDT's Auto Restoration & Collision Repair - Huffman, TX 77336"></td></tr></table></div><div class="line"></div><div class="i"><table class="content"><tr><td class="data"><table class="header"><tr><td class="title"><a href="/business/jax-auto-mart-inc">Jax Auto Mart, Inc</a></td><td class="rightO">(904) 379-7337</td></tr></table><img src="/s/r/20.gif"><p>Went in today to have a part replaced that is under warranty. The part is around 5 months old. The owner gave me a hard time and customer service was pathetic. I'll put it this way, another customer came in to get his a/c system checked out and when he saw the way I was being treated he grabbed</p><div class="atl"><span style="font-weight:normal">Rating: </span>Fair</div><div class="atr"> Jacksonville, FL 32207</div><br style="clear:both"><div class="atl"><a href="javascript:void(0)" onclick="pReport('review', 119108)" class="report10">report as inappropriate</a></div><div class="atr"> 5950 Atlantic Blvd.</div></td><td class="logo"><img src="/i/c/2010/06/b6e056.jpg" alt="Review of Jax Auto Mart, Inc - Jacksonville, FL 32207"></td></tr></table></div><div class="line"></div><div class="i"><table class="content"><tr><td class="data"><table class="header"><tr><td class="title"><a href="/business/giddeons-automotive">Giddeons Automotive</a></td><td class="rightO">(678) 494-6473</td></tr></table><img src="/s/r/50.gif"><p>Thank you Larry and your staff for being genuine and honest . I will pass along to others I know about your shop, and your staffs ability to do a fast and excellent job finding and fixing any problems that I have had.</p><div class="atl"><span style="font-weight:normal">Rating: </span>Excellent</div><div class="atr"> Woodstock, GA 30189</div><br style="clear:both"><div class="atl"><a href="javascript:void(0)" onclick="pReport('review', 119081)" class="report10">report as inappropriate</a></div><div class="atr"> 103 Elliott Industrial Dr.</div></td><td class="logo"><img src="/i/c/2010/09/5d5579.jpg" alt="Review of Giddeons Automotive - Woodstock, GA 30189"></td></tr></table></div><div class="line"></div><div class="i"><table class="content"><tr><td class="data"><table class="header"><tr><td class="title"><a href="/business/nationwide-auto-body">Nationwide Auto Body</a></td><td class="rightO">(847) 524-7200</td></tr></table><img src="/s/r/20.gif"><p>His is an unethical company. I just had work done there where they didn't stick to the quote they gave. The 1st reason I was given was there was a part installed that wasn't on the quote. They couldn't find what that part was. Then they said they painted my quarter panel of my car. Funny, I</p><div class="atl"><span style="font-weight:normal">Rating: </span>Fair</div><div class="atr"> Schaumburg, IL 60193</div><br style="clear:both"><div class="atl"><a href="javascript:void(0)" onclick="pReport('review', 119067)" class="report10">report as inappropriate</a></div><div class="atr"> 665 West Wise Rd</div></td><td class="logo"><img src="/s/flags/il.gif" alt="Review of Nationwide Auto Body - Schaumburg, IL 60193"></td></tr></table></div><div class="line"></div><div class="i"><table class="content"><tr><td class="data"><table class="header"><tr><td class="title"><a href="/business/carolina-tire-auto-charlotte">Carolina Tire &amp; Auto</a></td><td class="rightO">(980) 215-8500</td></tr></table><img src="/s/r/50.gif"><p>Being new to the area I was going to be picky about who worked on my Mercedes CLS550. I stopped in to Carolina Tire & Auto near Uptown to check them out as I had a check engine light on. Immediately when you walk in you know that they are professional. Wood floors, professionally designed.</p><div class="atl"><span style="font-weight:normal">Rating: </span>Excellent</div><div class="atr"> Charlotte, NC 28205</div><br style="clear:both"><div class="atl"><a href="javascript:void(0)" onclick="pReport('review', 118991)" class="report10">report as inappropriate</a></div><div class="atr"> 3325 Monroe Rd</div></td><td class="logo"><img src="/i/c/2012/01/204ce5.jpg" alt="Review of Carolina Tire &amp; Auto - Charlotte, NC 28205"></td></tr></table></div><div class="line"></div><div class="i"><table class="content"><tr><td class="data"><table class="header"><tr><td class="title"><a href="/business/super-auto-stop">Super Auto Stop</a></td><td class="rightO">(323) 731-2259</td></tr></table><img src="/s/r/10.gif"><p>They're racist and over priced.</p><div class="atl"><span style="font-weight:normal">Rating: </span>Poor</div><div class="atr"> Los Angeles, CA 90018</div><br style="clear:both"><div class="atl"><a href="javascript:void(0)" onclick="pReport('review', 118678)" class="report10">report as inappropriate</a></div><div class="atr"> 2484 West Washington Blvd</div></td><td class="logo"><img src="/s/flags/ca.gif" alt="Review of Super Auto Stop - Los Angeles, CA 90018"></td></tr></table></div><div class="line"></div><div class="i"><table class="content"><tr><td class="data"><table class="header"><tr><td class="title"><a href="/business/tall-guy-small-guy-automotive">Tall Guy Small Guy Automotive</a></td><td class="rightO">(360) 653-9627</td></tr></table><img src="/s/r/0.gif"><p>If you go here do not expect any type of customer service, the &quot;Tall guy&quot; Vince, although has knowledge repairing planes and automobiles, he apparently does not have knowledge in how to treat his customers with proper manners. I would not recommend this shop in fact right down the</p><div class="atl"><span style="font-weight:normal">Rating: </span>Not rated</div><div class="atr"> Marysville, WA 98270</div><br style="clear:both"><div class="atl"><a href="javascript:void(0)" onclick="pReport('review', 118636)" class="report10">report as inappropriate</a></div><div class="atr"> 1309 Eighth Strt</div></td><td class="logo"><img src="/s/flags/wa.gif" alt="Review of Tall Guy Small Guy Automotive - Marysville, WA 98270"></td></tr></table></div><div class="line"></div><div class="i"><table class="content"><tr><td class="data"><table class="header"><tr><td class="title"><a href="/business/five-star-dent-removal">Five Star Dent Removal</a></td><td class="rightO">(954) 818-5555</td></tr></table><img src="/s/r/50.gif"><p>Repaired a dent that would have cost me 3 times the amount at a Bodyshop. Dent came out perfect. Can't even tell it was there.</p><div class="atl"><span style="font-weight:normal">Rating: </span>Excellent</div><div class="atr"> Pompano Beach, FL 33063</div><br style="clear:both"><div class="atl"><a href="javascript:void(0)" onclick="pReport('review', 118581)" class="report10">report as inappropriate</a></div><div class="atr"> 3967 Cocoplum Circ Unit F</div></td><td class="logo"><img src="/s/flags/fl.gif" alt="Review of Five Star Dent Removal - Pompano Beach, FL 33063"></td></tr></table></div><div class="line"></div><div class="i"><table class="content"><tr><td class="data"><table class="header"><tr><td class="title"><a href="/business/moores-repair">Moore's Repair</a></td><td class="rightO">(317) 462-7734</td></tr></table><img src="/s/r/50.gif"><p>They're awesome.  I took my car in to get my back brakes replaced (had the front done a couple months before).  I had actually authorized them to go ahead and redo the brakes...they took everything apart, saw that the brakes were fine, put everything back together as is, and did not charge</p><div class="atl"><span style="font-weight:normal">Rating: </span>Excellent</div><div class="atr"> Greenfield, IN 46140</div><br style="clear:both"><div class="atl"><a href="javascript:void(0)" onclick="pReport('review', 118550)" class="report10">report as inappropriate</a></div><div class="atr"> 2980 North Street Road 9</div></td><td class="logo"><img src="/s/flags/in.gif" alt="Review of Moore's Repair - Greenfield, IN 46140"></td></tr></table></div><div class="line"></div><div class="i"><table class="content"><tr><td class="data"><table class="header"><tr><td class="title"><a href="/business/dent-impressions">Dent Impressions</a></td><td class="rightO">(612) 968-3368</td></tr></table><img src="/s/r/45.gif"><p>Very happy with the professional and expert services provided by Dent Impressions. Would visit again in need and recommend to all.</p><div class="atl"><span style="font-weight:normal">Rating: </span>Excellent</div><div class="atr"> Rogers, MN 55374</div><br style="clear:both"><div class="atl"><a href="javascript:void(0)" onclick="pReport('review', 118544)" class="report10">report as inappropriate</a></div><div class="atr"> Po Box 501</div></td><td class="logo"><img src="/s/flags/mn.gif" alt="Review of Dent Impressions - Rogers, MN 55374"></td></tr></table></div><div class="line"></div><div class="i"><table class="content"><tr><td class="data"><table class="header"><tr><td class="title"><a href="/business/doctor-auto">Doctor Auto</a></td><td class="rightO">(702) 645-9934</td></tr></table><img src="/s/r/50.gif"><p>Love these guys. Would never bring my car anywhere else. Very far and honest.</p><div class="atl"><span style="font-weight:normal">Rating: </span>Excellent</div><div class="atr"> Las Vegas, NV 89108</div><br style="clear:both"><div class="atl"><a href="javascript:void(0)" onclick="pReport('review', 118395)" class="report10">report as inappropriate</a></div><div class="atr"> 6450 West Craig Rd</div></td><td class="logo"><img src="/s/flags/nv.gif" alt="Review of Doctor Auto - Las Vegas, NV 89108"></td></tr></table></div><div class="line"></div><div class="i"><table class="content"><tr><td class="data"><table class="header"><tr><td class="title"><a href="/business/w-w-auto-repair">W&W AUTO REPAIR</a></td><td class="rightO">(580) 591-1526</td></tr></table><img src="/s/r/10.gif"><p>Large bill for a water pump replacement. It was over $600 in parts and labor. Don't be fooled!! It is not cheaper at this place. I should have checked before letting W&W do the work. It was $300 less in Lawton. Had the car for 3 days on a job that was only 4 hours and left two bolts out when</p><div class="atl"><span style="font-weight:normal">Rating: </span>Poor</div><div class="atr"> Lawton, OK 73507</div><br style="clear:both"><div class="atl"><a href="javascript:void(0)" onclick="pReport('review', 118257)" class="report10">report as inappropriate</a></div><div class="atr"> 7505 Northeast CACHE RD</div></td><td class="logo"><img src="/s/flags/ok.gif" alt="Review of W&W AUTO REPAIR - Lawton, OK 73507"></td></tr></table></div><div class="line"></div><div class="i"><table class="content"><tr><td class="data"><table class="header"><tr><td class="title"><a href="/business/tool-guru-subaru-import-auto-repair">Tool Guru Subaru &amp; Import Auto Repair</a></td><td class="rightO">(253) 310-8883</td></tr></table><img src="/s/r/10.gif"><p>This owner does NOT care about new/repeat clients. He will NOT care about you when you request his help. He appears to be too busy to help you. When you request an estimate, he will not reply to you, often alluding to the fact that he is not into the &quot;business&quot; part of it, only the</p><div class="atl"><span style="font-weight:normal">Rating: </span>Poor</div><div class="atr"> Spanaway, WA 98387</div><br style="clear:both"><div class="atl"><a href="javascript:void(0)" onclick="pReport('review', 118245)" class="report10">report as inappropriate</a></div><div class="atr"> 221 170th Street S.</div></td><td class="logo"><img src="/i/c/2010/08/0d298c.jpg" alt="Review of Tool Guru Subaru &amp; Import Auto Repair - Spanaway, WA 98387"></td></tr></table></div><div class="line"></div><div class="i"><table class="content"><tr><td class="data"><table class="header"><tr><td class="title"><a href="/business/ortegas-wheels-tire-auto">Ortega's Wheels & Tire Auto</a></td><td class="rightO">(951) 943-0910</td></tr></table><img src="/s/r/10.gif"><p>I took my Car in about a month ago because it kept pulling on me. I explained the situation to one of the mechanics there..I gave him a suggestion on to what I thought might be, but since IM NOT A MECHANIC and don't know much about cars I was bringing it to them. I was called 2 days later stating</p><div class="atl"><span style="font-weight:normal">Rating: </span>Poor</div><div class="atr"> Perris, CA 92571</div><br style="clear:both"><div class="atl"><a href="javascript:void(0)" onclick="pReport('review', 118219)" class="report10">report as inappropriate</a></div><div class="atr"> 3865 North Perris Boulevard # 6</div></td><td class="logo"><img src="/s/flags/ca.gif" alt="Review of Ortega's Wheels & Tire Auto - Perris, CA 92571"></td></tr></table></div><div class="line"></div><div class="i"><table class="content"><tr><td class="data"><table class="header"><tr><td class="title"><a href="/business/super-auto-stop">Super Auto Stop</a></td><td class="rightO">(323) 731-2259</td></tr></table><img src="/s/r/10.gif"><p>I felt rushed as I was explaining the concerns of my car. I asked for tire rotation and it was not done but yet I was being charged for that. I asked for wiper washer fluid and they added water but was charged as if they added washer fluid.</p><div class="atl"><span style="font-weight:normal">Rating: </span>Poor</div><div class="atr"> Los Angeles, CA 90018</div><br style="clear:both"><div class="atl"><a href="javascript:void(0)" onclick="pReport('review', 118216)" class="report10">report as inappropriate</a></div><div class="atr"> 2484 West Washington Blvd</div></td><td class="logo"><img src="/s/flags/ca.gif" alt="Review of Super Auto Stop - Los Angeles, CA 90018"></td></tr></table></div><div class="line"></div><div class="i"><table class="content"><tr><td class="data"><table class="header"><tr><td class="title"><a href="/business/w-w-auto-repair">W&W AUTO REPAIR</a></td><td class="rightO">(580) 591-1526</td></tr></table><img src="/s/r/15.gif"><p>Steer clear and find a honest mechanic.</p><div class="atl"><span style="font-weight:normal">Rating: </span>Fair</div><div class="atr"> Lawton, OK 73507</div><br style="clear:both"><div class="atl"><a href="javascript:void(0)" onclick="pReport('review', 118215)" class="report10">report as inappropriate</a></div><div class="atr"> 7505 Northeast CACHE RD</div></td><td class="logo"><img src="/s/flags/ok.gif" alt="Review of W&W AUTO REPAIR - Lawton, OK 73507"></td></tr></table></div><div class="line"></div><div class="i"><table class="content"><tr><td class="data"><table class="header"><tr><td class="title"><a href="/business/a-trackz-mobile-auto-and-fleet-service">A Trackz Mobile Auto And Fleet Service</a></td><td class="rightO">(985) 445-6616</td></tr></table><img src="/s/r/10.gif"><p>Cory approached my son as a mechanic and said that he could help him with his Sprinter since he was a certified mechanic for Sprinters. My son has a disability and relies on his van for access to the community. Cory installed a new a/c and it went out within 30 days.  We contacted Cory and</p><div class="atl"><span style="font-weight:normal">Rating: </span>Poor</div><div class="atr"> Slidell, LA 70460</div><br style="clear:both"><div class="atl"><a href="javascript:void(0)" onclick="pReport('review', 117989)" class="report10">report as inappropriate</a></div><div class="atr"> 59013 Carrol RD.</div></td><td class="logo"><img src="/i/c/2010/07/bef689.jpg" alt="Review of A Trackz Mobile Auto And Fleet Service - Slidell, LA 70460"></td></tr></table></div><div class="line"></div><div class="i"><table class="content"><tr><td class="data"><table class="header"><tr><td class="title"><a href="/business/rauls-auto-repair">RAULS AUTO REPAIR</a></td><td class="rightO">(626) 339-7566</td></tr></table><img src="/s/r/30.gif"><p>After looking for a smog shop to fixed my vehicle, this place charge me only $200 repairs, Many other shops wanted to charge double.</p><div class="atl"><span style="font-weight:normal">Rating: </span>Average</div><div class="atr"> Azusa, CA 91702</div><br style="clear:both"><div class="atl"><a href="javascript:void(0)" onclick="pReport('review', 117985)" class="report10">report as inappropriate</a></div><div class="atr"> 767 East ARROW HWY # 1-C</div></td><td class="logo"><img src="/s/flags/ca.gif" alt="Review of RAULS AUTO REPAIR - Azusa, CA 91702"></td></tr></table></div><div class="line"></div><div class="i"><table class="content"><tr><td class="data"><table class="header"><tr><td class="title"><a href="/business/athens-collision-center">Athens Collision Center</a></td><td class="rightO">(903) 677-4848</td></tr></table><img src="/s/r/50.gif"><p>My experience with this shop was one of the least painful of any that I have had to use in my life so far. I will be a customer forever!</p><div class="atl"><span style="font-weight:normal">Rating: </span>Excellent</div><div class="atr"> Athens, TX 75751</div><br style="clear:both"><div class="atl"><a href="javascript:void(0)" onclick="pReport('review', 117756)" class="report10">report as inappropriate</a></div><div class="atr"> 1211 FM 1616</div></td><td class="logo"><img src="/s/flags/tx.gif" alt="Review of Athens Collision Center - Athens, TX 75751"></td></tr></table></div><div class="line"></div><div class="i"><table class="content"><tr><td class="data"><table class="header"><tr><td class="title"><a href="/business/abc-body-shop">ABC Body Shop</a></td><td class="rightO">(928) 634-6442</td></tr></table><img src="/s/r/20.gif"><p>Don't go to this shop. They seem very nice and helpful at first but it turns out that they made more problems with my truck because &quot;they were trying to be nice&quot; per Andre and they made things worse when I went back they said there was nothing they could do about the two issues with</p><div class="atl"><span style="font-weight:normal">Rating: </span>Fair</div><div class="atr"> Cottonwood, AZ 86326</div><br style="clear:both"><div class="atl"><a href="javascript:void(0)" onclick="pReport('review', 117249)" class="report10">report as inappropriate</a></div><div class="atr"> 1269 East Cherry Strt</div></td><td class="logo"><img src="/s/flags/az.gif" alt="Review of ABC Body Shop - Cottonwood, AZ 86326"></td></tr></table></div><div class="line"></div><div class="i"><table class="content"><tr><td class="data"><table class="header"><tr><td class="title"><a href="/business/mister-collision-llc">Mister Collision, LLC</a></td><td class="rightO">(317) 920-1621</td></tr></table><img src="/s/r/50.gif"><p>My wife and I have an infiniti J30t.  It was involved in an accident and also had been broken into by someone smashing the rear window.  This is our only car and we use it every day so we were really concerned with the whole repair experience. Starting with the estimate, we felt it was very</p><div class="atl"><span style="font-weight:normal">Rating: </span>Excellent</div><div class="atr"> Indianapolis, IN 46222</div><br style="clear:both"><div class="atl"><a href="javascript:void(0)" onclick="pReport('review', 117059)" class="report10">report as inappropriate</a></div><div class="atr"> 3241 Lafayette Road</div></td><td class="logo"><img src="/i/c/2011/03/9f2916.jpg" alt="Review of Mister Collision, LLC - Indianapolis, IN 46222"></td></tr></table></div><div class="line"></div><div class="i"><table class="content"><tr><td class="data"><table class="header"><tr><td class="title"><a href="/business/duncans-european-automotive">Duncan's European Automotive</a></td><td class="rightO">(603) 434-5796</td></tr></table><img src="/s/r/50.gif"><p>They were able to properly repair my Volvo when others failed.</p><div class="atl"><span style="font-weight:normal">Rating: </span>Excellent</div><div class="atr"> Londonderry, NH 3053</div><br style="clear:both"><div class="atl"><a href="javascript:void(0)" onclick="pReport('review', 117050)" class="report10">report as inappropriate</a></div><div class="atr"> 3 Liberty Drv</div></td><td class="logo"><img src="/i/h/d/u/duncansauto.com.jpg" alt="Review of Duncan's European Automotive - Londonderry, NH 3053"></td></tr></table></div><div class="line"></div><div class="i"><table class="content"><tr><td class="data"><table class="header"><tr><td class="title"><a href="/business/vovo-clinic">VoVo Clinic</a></td><td class="rightO">(732) 530-9411</td></tr></table><img src="/s/r/50.gif"><p>Jimmy is the best, he is fair, he is honest and he will direct you back to the dealer if it is a warranty item. He fixes your problem right the first time and his hourly rate is way lower than dealers and he has dealer quality service. He will do only the work that needs to be done. A Volvo</p><div class="atl"><span style="font-weight:normal">Rating: </span>Excellent</div><div class="atr"> Red Bank, NJ 7701</div><br style="clear:both"><div class="atl"><a href="javascript:void(0)" onclick="pReport('review', 117038)" class="report10">report as inappropriate</a></div><div class="atr"> 207 Monmouth St</div></td><td class="logo"><img src="/s/flags/nj.gif" alt="Review of VoVo Clinic - Red Bank, NJ 7701"></td></tr></table></div><div class="line"></div><div class="i"><table class="content"><tr><td class="data"><table class="header"><tr><td class="title"><a href="/business/classic-body-worx">Classic Body WORX</a></td><td class="rightO">(215) 676-3800</td></tr></table><img src="/s/r/50.gif"><p>CLASSIC BODY WORX are people you can deal with. They did GOOD job on my car body  repair work.</p><div class="atl"><span style="font-weight:normal">Rating: </span>Excellent</div><div class="atr"> Philadelphia, PA 19115</div><br style="clear:both"><div class="atl"><a href="javascript:void(0)" onclick="pReport('review', 116816)" class="report10">report as inappropriate</a></div><div class="atr"> 9902 Bustleton Av</div></td><td class="logo"><img src="/s/flags/pa.gif" alt="Review of Classic Body WORX - Philadelphia, PA 19115"></td></tr></table></div><div class="line"></div><div class="i"><table class="content"><tr><td class="data"><table class="header"><tr><td class="title"><a href="/business/craigs-auto-repair">Craig's Auto Repair</a></td><td class="rightO">(520) 323-8470</td></tr></table><img src="/s/r/20.gif"><p>Be careful if you bring your car to these guys, if you're not happy with the super-high estimate they quote you, they'll sabotage your car. In my case they put a brand-new fuel filter stuffed with dirt into my engine so the car wouldn't run. Then they charge me for a new fuel filter!!! Stay</p><div class="atl"><span style="font-weight:normal">Rating: </span>Fair</div><div class="atr"> Tucson, AZ 85716</div><br style="clear:both"><div class="atl"><a href="javascript:void(0)" onclick="pReport('review', 116730)" class="report10">report as inappropriate</a></div><div class="atr"> 3401 East Grant Rd</div></td><td class="logo"><img src="/s/flags/az.gif" alt="Review of Craig's Auto Repair - Tucson, AZ 85716"></td></tr></table></div><div class="line"></div><div class="i"><table class="content"><tr><td class="data"><table class="header"><tr><td class="title"><a href="/business/fat-joes-auto-repair">Fat Joes Auto Repair</a></td><td class="rightO">(972) 252-7000</td></tr></table><img src="/s/r/45.gif"><p>I have been going there for years after being referred by a personal friend. I recently decided to write a review after the nissan dealership tried to charge me $3000-4000 for a new frame. I took it to Joes and they fixed the problem I was having (obviously not a broken frame by the way) for</p><div class="atl"><span style="font-weight:normal">Rating: </span>Excellent</div><div class="atr"> Irving, TX 75062</div><br style="clear:both"><div class="atl"><a href="javascript:void(0)" onclick="pReport('review', 116675)" class="report10">report as inappropriate</a></div><div class="atr"> 3701 North Story Road</div></td><td class="logo"><img src="/s/flags/tx.gif" alt="Review of Fat Joes Auto Repair - Irving, TX 75062"></td></tr></table></div><div class="line"></div><div class="i"><table class="content"><tr><td class="data"><table class="header"><tr><td class="title"><a href="/business/l-monty-body-shop">L Monty Body Shop</a></td><td class="rightO">(626) 442-8776</td></tr></table><img src="/s/r/50.gif"><p>I was referred to FIX Auto- L Monty Body Shop by my dealership and my insurance company.  This made me confident that they were the right choice since both gave excellent recommendations.  As expected they delivered the best service.  My car is a BMW and they completed my vehicle quickly and</p><div class="atl"><span style="font-weight:normal">Rating: </span>Excellent</div><div class="atr"> South El Monte, CA 91733</div><br style="clear:both"><div class="atl"><a href="javascript:void(0)" onclick="pReport('review', 116548)" class="report10">report as inappropriate</a></div><div class="atr"> 1841 Tyler Avenue</div></td><td class="logo"><img src="/s/flags/ca.gif" alt="Review of L Monty Body Shop - South El Monte, CA 91733"></td></tr></table></div><div class="line"></div><div class="i"><table class="content"><tr><td class="data"><table class="header"><tr><td class="title"><a href="/business/tool-guru-subaru-import-auto-repair">Tool Guru Subaru &amp; Import Auto Repair</a></td><td class="rightO">(253) 310-8883</td></tr></table><img src="/s/r/15.gif"><p>After giving me a great deal on a new clutch, they failed to properly diagnose subsequent problems associated with the new clutch. They likely caused, but definitely neglected to diagnose (twice), a damaged axle seal that caused my transmission to leak a quart of oil within a week (twice).</p><div class="atl"><span style="font-weight:normal">Rating: </span>Fair</div><div class="atr"> Spanaway, WA 98387</div><br style="clear:both"><div class="atl"><a href="javascript:void(0)" onclick="pReport('review', 116481)" class="report10">report as inappropriate</a></div><div class="atr"> 221 170th Street S.</div></td><td class="logo"><img src="/i/c/2010/08/0d298c.jpg" alt="Review of Tool Guru Subaru &amp; Import Auto Repair - Spanaway, WA 98387"></td></tr></table></div><div class="line"></div><div class="i"><table class="content"><tr><td class="data"><table class="header"><tr><td class="title"><a href="/business/mastermind-enterprises">Mastermind Enterprises</a></td><td class="rightO">(303) 297-2886</td></tr></table><img src="/s/r/50.gif"><p>Mastermind Enterprises is fantastic!- They came in way under two other bids, and like every time before- the work was done quickly, professionally, and we have never had a problem after they fix it. We absolutely love them! A+</p><div class="atl"><span style="font-weight:normal">Rating: </span>Excellent</div><div class="atr"> Denver, CO 80216</div><br style="clear:both"><div class="atl"><a href="javascript:void(0)" onclick="pReport('review', 116344)" class="report10">report as inappropriate</a></div><div class="atr"> 5770 Clarkson Street Unit F</div></td><td class="logo"><img src="/s/flags/co.gif" alt="Review of Mastermind Enterprises - Denver, CO 80216"></td></tr></table></div><div class="line"></div><div class="i"><table class="content"><tr><td class="data"><table class="header"><tr><td class="title"><a href="/business/dillons-mobile-services">Dillon's Mobile Services</a></td><td class="rightO">(520) 304-1388</td></tr></table><img src="/s/r/50.gif"><p>My head gasket blew and badly needed it replaced, called this company up and quickly answered and was VERY nice on the phone and came over right away to take a look at the problem of my 96 toyota camry, gave me a great price quote came back the next day and fixed it very quickly and everything</p><div class="atl"><span style="font-weight:normal">Rating: </span>Excellent</div><div class="atr"> Tucson, AZ 85742</div><br style="clear:both"><div class="atl"><a href="javascript:void(0)" onclick="pReport('review', 116330)" class="report10">report as inappropriate</a></div><div class="atr"> 9231 N. Golden Finch Ave</div></td><td class="logo"><img src="/i/c/2011/02/bc4ffc.jpg" alt="Review of Dillon's Mobile Services - Tucson, AZ 85742"></td></tr></table></div><div class="line"></div><div class="i"><table class="content"><tr><td class="data"><table class="header"><tr><td class="title"><a href="/business/lifetime-auto-collision">Lifetime Auto Collision</a></td><td class="rightO">(972) 488-2886</td></tr></table><img src="/s/r/10.gif"><p>After a car accident, I had my car towed to Lifetime Auto.  The claim was covered by my insurance company.    Over the course of the last two years I have found out that Lifetime Auto took the money from Geico for new replacement parts but only provided me with used parts and/or temporarily</p><div class="atl"><span style="font-weight:normal">Rating: </span>Poor</div><div class="atr"> Dallas, TX 75229</div><br style="clear:both"><div class="atl"><a href="javascript:void(0)" onclick="pReport('review', 116311)" class="report10">report as inappropriate</a></div><div class="atr"> 10895 Indian Trails # 200</div></td><td class="logo"><img src="/s/flags/tx.gif" alt="Review of Lifetime Auto Collision - Dallas, TX 75229"></td></tr></table></div><div class="line"></div><div class="i"><table class="content"><tr><td class="data"><table class="header"><tr><td class="title"><a href="/business/kingsun-auto-and-tires">KINGSUN AUTO AND TIRES</a></td><td class="rightO">(405) 525-8501</td></tr></table><img src="/s/r/50.gif"><p>They also have 
www.kingsunauto.com
Very reputable shop</p><div class="atl"><span style="font-weight:normal">Rating: </span>Excellent</div><div class="atr"> Oklahoma City, OK 73107</div><br style="clear:both"><div class="atl"><a href="javascript:void(0)" onclick="pReport('review', 116017)" class="report10">report as inappropriate</a></div><div class="atr"> 2420 Northwest 23RD STREET</div></td><td class="logo"><img src="/s/flags/ok.gif" alt="Review of KINGSUN AUTO AND TIRES - Oklahoma City, OK 73107"></td></tr></table></div><div class="line"></div><div class="i"><table class="content"><tr><td class="data"><table class="header"><tr><td class="title"><a href="/business/als-transmissions">Al's Transmissions</a></td><td class="rightO">(804) 798-2260</td></tr></table><img src="/s/r/40.gif"><p>Als transmission is the only place I have taken my vehicles and received an honest explanation of my repair services that are both reasonable and economically priced. The owner and staff are very friendly and professional. I highly recommend them to anyone. The experience shown by the technicians</p><div class="atl"><span style="font-weight:normal">Rating: </span>Good</div><div class="atr"> Ashland, VA 23005</div><br style="clear:both"><div class="atl"><a href="javascript:void(0)" onclick="pReport('review', 115974)" class="report10">report as inappropriate</a></div><div class="atr"> 11197 Leadbetter Rd</div></td><td class="logo"><img src="/s/flags/va.gif" alt="Review of Al's Transmissions - Ashland, VA 23005"></td></tr></table></div><div class="line"></div><div class="i"><table class="content"><tr><td class="data"><table class="header"><tr><td class="title"><a href="/business/als-transmissions">Al's Transmissions</a></td><td class="rightO">(804) 798-2260</td></tr></table><img src="/s/r/10.gif"><p>In March 2010 took my truck to have a rebuilt engine put in.  Paid 1,100.00.  Took them a couple of weeks.  The transmission did not work right.  Took the truck back in and they kept it for a good three weeks, the drove it to the tune of 300 to 350 miles while draining my gas tank.  They told</p><div class="atl"><span style="font-weight:normal">Rating: </span>Poor</div><div class="atr"> Ashland, VA 23005</div><br style="clear:both"><div class="atl"><a href="javascript:void(0)" onclick="pReport('review', 115959)" class="report10">report as inappropriate</a></div><div class="atr"> 11197 Leadbetter Rd</div></td><td class="logo"><img src="/s/flags/va.gif" alt="Review of Al's Transmissions - Ashland, VA 23005"></td></tr></table></div><div class="line"></div><div class="i"><table class="content"><tr><td class="data"><table class="header"><tr><td class="title"><a href="/business/patterson-auto-body">Patterson Auto Body</a></td><td class="rightO">(845) 878-3456</td></tr></table><img src="/s/r/50.gif"><p>Professional respectful service on both sides of there shop in a timely fashion.</p><div class="atl"><span style="font-weight:normal">Rating: </span>Excellent</div><div class="atr"> Patterson, NY 12563</div><br style="clear:both"><div class="atl"><a href="javascript:void(0)" onclick="pReport('review', 115920)" class="report10">report as inappropriate</a></div><div class="atr"> State Road</div></td><td class="logo"><img src="/s/flags/ny.gif" alt="Review of Patterson Auto Body - Patterson, NY 12563"></td></tr></table></div><div class="line"></div><div class="i"><table class="content"><tr><td class="data"><table class="header"><tr><td class="title"><a href="/business/carolina-tire-auto">Carolina Tire &amp; Auto</a></td><td class="rightO">(704) 553-9800</td></tr></table><img src="/s/r/50.gif"><p>These guys can do ANYTHING that the BMW dealer does (except BMW warranty) and they do it at a fraction of the price. They put in genuine BMW parts and fixed my baby up almost $600.00 cheaper than the dealer. When it comes to auto repair in Charlotte, I go to Carolina Tire & Auto.</p><div class="atl"><span style="font-weight:normal">Rating: </span>Excellent</div><div class="atr"> Pineville, NC 28134</div><br style="clear:both"><div class="atl"><a href="javascript:void(0)" onclick="pReport('review', 115913)" class="report10">report as inappropriate</a></div><div class="atr"> 10822 Pineville Rd</div></td><td class="logo"><img src="/i/c/2010/07/5d1ae2.jpg" alt="Review of Carolina Tire &amp; Auto - Pineville, NC 28134"></td></tr></table></div><div class="line"></div><div class="i"><table class="content"><tr><td class="data"><table class="header"><tr><td class="title"><a href="/business/cjs-metro-automotive">CJ's Metro Automotive</a></td><td class="rightO">(915) 581-9310</td></tr></table><img src="/s/r/45.gif"><p>Excellent turn around time (3-days) with 3 yr. warranty.</p><div class="atl"><span style="font-weight:normal">Rating: </span>Excellent</div><div class="atr"> El Paso, TX 79912</div><br style="clear:both"><div class="atl"><a href="javascript:void(0)" onclick="pReport('review', 115878)" class="report10">report as inappropriate</a></div><div class="atr"> 5330 North Mesa Street # 102</div></td><td class="logo"><img src="/s/flags/tx.gif" alt="Review of CJ's Metro Automotive - El Paso, TX 79912"></td></tr></table></div><div class="line"></div><div class="i"><table class="content"><tr><td class="data"><table class="header"><tr><td class="title"><a href="/business/giddeons-automotive">Giddeons Automotive</a></td><td class="rightO">(678) 494-6473</td></tr></table><img src="/s/r/50.gif"><p>THANK GOODNESS FOR GIDDEONS!  
While traveling home from my in laws Thanksgiving dinner; my husband and I noticed our new battery we had installed the night before, was not recharging itself!  We were on 575 South and our electronic digital features, followed by the rest of the dash utilities,</p><div class="atl"><span style="font-weight:normal">Rating: </span>Excellent</div><div class="atr"> Woodstock, GA 30189</div><br style="clear:both"><div class="atl"><a href="javascript:void(0)" onclick="pReport('review', 115733)" class="report10">report as inappropriate</a></div><div class="atr"> 103 Elliott Industrial Dr.</div></td><td class="logo"><img src="/i/c/2010/09/5d5579.jpg" alt="Review of Giddeons Automotive - Woodstock, GA 30189"></td></tr></table></div><div class="line"></div><div class="i"><table class="content"><tr><td class="data"><table class="header"><tr><td class="title"><a href="/business/lee-lex-service-center">Lee-Lex Service Center</a></td><td class="rightO">(703) 534-5797</td></tr></table><img src="/s/r/10.gif"><p>Go to Lee-Lex if money is no object and youre willing to pay whatever they ask (forget about the estimate - it means nothing).  We took our car to Lee-Lex because it was close by, even though the estimate was a bit higher than another station  we figured we would pay the extra for the convenience.</p><div class="atl"><span style="font-weight:normal">Rating: </span>Poor</div><div class="atr"> Arlington, VA 22207</div><br style="clear:both"><div class="atl"><a href="javascript:void(0)" onclick="pReport('review', 115678)" class="report10">report as inappropriate</a></div><div class="atr"> 5747 Lee Hway</div></td><td class="logo"><img src="/s/flags/va.gif" alt="Review of Lee-Lex Service Center - Arlington, VA 22207"></td></tr></table></div><div class="line"></div><div class="i"><table class="content"><tr><td class="data"><table class="header"><tr><td class="title"><a href="/business/riedys-body-shop">Riedy's Body Shop</a></td><td class="rightO">(419) 359-1643</td></tr></table><img src="/s/r/50.gif"><p>I had a problem with my starter, but not a lot of money. I took my car to riedy's and got such good service! The receptionist was so understanding. She made me feel like family! They even waited 3 days untill i could come up with the money to pay my bill. They really treated me like a vip!</p><div class="atl"><span style="font-weight:normal">Rating: </span>Excellent</div><div class="atr"> Sandusky, OH 44870</div><br style="clear:both"><div class="atl"><a href="javascript:void(0)" onclick="pReport('review', 115527)" class="report10">report as inappropriate</a></div><div class="atr"> 7617 Mason Rd</div></td><td class="logo"><img src="/s/flags/oh.gif" alt="Review of Riedy's Body Shop - Sandusky, OH 44870"></td></tr></table></div><div class="line"></div><div class="i"><table class="content"><tr><td class="data"><table class="header"><tr><td class="title"><a href="/business/jeffs-auto-body-repair">Jeff's Auto Body Repair</a></td><td class="rightO">(512) 452-3373</td></tr></table><img src="/s/r/10.gif"><p>Worked with Joe on this one to get a fender replaced.  And he was generally very cool.  Took the car in, he said he could get the deductible down to almost nothing, I said great.  Joe calls and tells me that I'm looking at $85 for my part of my $300 deductible and the car will be ready in a</p><div class="atl"><span style="font-weight:normal">Rating: </span>Poor</div><div class="atr"> Austin, TX 78752</div><br style="clear:both"><div class="atl"><a href="javascript:void(0)" onclick="pReport('review', 115343)" class="report10">report as inappropriate</a></div><div class="atr"> 6614 North Lamar Boulevard</div></td><td class="logo"><img src="/s/flags/tx.gif" alt="Review of Jeff's Auto Body Repair - Austin, TX 78752"></td></tr></table></div><div class="line"></div>

</div></div><div id="column">
<div class="box">
<div class="c search">
<form method="POST" action="/pages/search.php">
<input type="hidden" name="s_type" value="business">

<div>
<span>State, City or Zip </span>
<input type="text" name="s_place" id="s_place" value="" class="f">

</div>

<div>
<span>Keywords</span>
<input type="text" name="s_search" value="" class="f">
</div>


<div class="btn"><input type="image" src="/s/btn-search.gif" alt="Search"></div>
</form>

</div></div>
<script>sf()</script><img src="/s/review-a-business.gif" class="btnAdd" alt="Review a Business" onclick="btnReviewAdd()"><div class="box"><div class="t">Find A Business By City</div><div class="c cSelects">
<select onchange="document.location='/pages/search.php?s_type=business&s_place='+this.options[this.selectedIndex].text"><option> A - C<option> Aberdeen SD<option> Abilene TX<option> Ada OK<option> Aiea HI<option> Aiken SC<option> Akron OH<option> Alameda CA<option> Alamogordo NM<option> Albany OR<option> Albany NY<option> Albany GA<option> Albuquerque NM<option> Alexandria LA<option> Alexandria VA<option> Alexandria MN<option> Alhambra CA<option> Allen TX<option> Allentown PA<option> Alpharetta GA<option> Amarillo TX<option> American Fork UT<option> Ames IA<option> Anaheim CA<option> Anchorage AK<option> Anderson SC<option> Anderson IN<option> Andover MN<option> Ankeny IA<option> Ann Arbor MI<option> Annandale VA<option> Annapolis MD<option> Anniston AL<option> Anoka MN<option> Antioch CA<option> Apple Valley CA<option> Appleton WI<option> Arcadia CA<option> Ardmore OK<option> Arlington MA<option> Arlington VA<option> Arlington TX<option> Arlington Heights IL<option> Arnoldsburg WV<option> Arvada CO<option> Asheville NC<option> Ashland KY<option> Ashton ID<option> Astoria NY<option> Athens AL<option> Athens GA<option> Atlanta GA<option> Atlantic City NJ<option> Auburn AL<option> Auburn ME<option> Auburn WA<option> Augusta GA<option> Augusta ME<option> Aurora IL<option> Aurora CO<option> Austin TX<option> Avondale AZ<option> Bakersfield CA<option> Baldwin Park CA<option> Ballwin MO<option> Baltic SD<option> Baltimore MD<option> Bangor ME<option> Bar Harbor ME<option> Barre VT<option> Barrington RI<option> Bartlesville OK<option> Baton Rouge LA<option> Battle Creek MI<option> Bayonne NJ<option> Baytown TX<option> Bear DE<option> Beatrice NE<option> Beaufort SC<option> Beaumont TX<option> Beaverton OR<option> Beckley WV<option> Bedford NH<option> Belleville IL<option> Bellevue WA<option> Bellevue NE<option> Bellflower CA<option> Bellingham WA<option> Bend OR<option> Bennington VT<option> Benton AR<option> Bentonville AR<option> Berkeley CA<option> Bernalillo NM<option> Berwyn IL<option> Bessemer AL<option> Bethany Beach DE<option> Bethesda MD<option> Bethlehem PA<option> Bettendorf IA<option> Biddeford ME<option> Big Sky MT<option> Billings MT<option> Biloxi MS<option> Binghamton NY<option> Birmingham AL<option> Bismarck ND<option> Blair NE<option> Bloomington IL<option> Bloomington IN<option> Blue Diamond NV<option> Blue Springs MO<option> Bluefield WV<option> Boca Raton FL<option> Boise ID<option> Bolingbrook IL<option> Bossier City LA<option> Boston MA<option> Bothell WA<option> Boulder CO<option> Boulder City NV<option> Bountiful UT<option> Bowie MD<option> Bowling Green KY<option> Boynton Beach FL<option> Bozeman MT<option> Bradenton FL<option> Bradford RI<option> Brainerd MN<option> Braintree MA<option> Brandon FL<option> Brandon MS<option> Brandon SD<option> Branson MO<option> Brattleboro VT<option> Bremerton WA<option> Brentwood TN<option> Brentwood NY<option> Bridgeport CT<option> Bristol RI<option> Bristol CT<option> Brockton MA<option> Broken Arrow OK<option> Bronx NY<option> Brookfield WI<option> Brookings SD<option> Brookline MA<option> Brooklyn NY<option> Broomfield CO<option> Browning MT<option> Brownsville TX<option> Brunswick ME<option> Buena Park CA<option> Buffalo NY<option> Buffalo WY<option> Bullhead City AZ<option> Burbank CA<option> Burke VA<option> Burlington VT<option> Burlington IA<option> Burlington NC<option> Burlington MA<option> Burns WY<option> Burnsville MN<option> Butte MT<option> Cabot AR<option> Caldwell ID<option> Camarillo CA<option> Cambridge MA<option> Camden NJ<option> Camden Wyoming DE<option> Canton MI<option> Canton OH<option> Canton SD<option> Cape Coral FL<option> Cape Girardeau MO<option> Carlsbad CA<option> Carlsbad NM<option> Carmel IN<option> Carmichael CA<option> Carrollton TX<option> Carson CA<option> Carson City NV<option> Cary NC<option> Casper WY<option> Castle Rock CO<option> Castro Valley CA<option> Cathedral City CA<option> Cedar City UT<option> Cedar Falls IA<option> Cedar Park TX<option> Cedar Rapids IA<option> Centreville VA<option> Cerrillos NM<option> Cerritos CA<option> Champaign IL<option> Chandler AZ<option> Chapel Hill NC<option> Charles Town WV<option> Charleston SC<option> Charleston WV<option> Charlotte NC<option> Charlottesville VA<option> Chattanooga TN<option> Cherry Hill NJ<option> Chesapeake VA<option> Chesterfield MO<option> Cheyenne WY<option> Chicago IL<option> Chico CA<option> Chicopee MA<option> Chino CA<option> Chino Hills CA<option> Chula Vista CA<option> Cicero IL<option> Cincinnati OH<option> Citrus Heights CA<option> Clackamas OR<option> Claremore OK<option> Clarksburg WV<option> Clarksville TN<option> Claymont DE<option> Clearfield UT<option> Clearwater FL<option> Cleveland OH<option> Cleveland TN<option> Clifton NJ<option> Clinton IA<option> Clovis CA<option> Clovis NM<option> Cody WY<option> Coeur D Alene ID<option> Colchester VT<option> College Station TX<option> Colorado Springs CO<option> Colton CA<option> Columbia MO<option> Columbia MD<option> Columbia SC<option> Columbus NE<option> Columbus GA<option> Columbus MS<option> Columbus OH<option> Compton CA<option> Concord CA<option> Concord NC<option> Concord NH<option> Conway AR<option> Conway SC<option> Cookeville TN<option> Coralville IA<option> Corona CA<option> Corpus Christi TX<option> Corvallis OR<option> Costa Mesa CA<option> Council Bluffs IA<option> Covington LA<option> Covington KY<option> Cranston RI<option> Crawfordsville AR<option> Cumberland RI<option> Cumming GA<option> Cupertino CA<option> Custer SD<option> Cuyahoga Falls OH</select><select onchange="document.location='/pages/search.php?s_type=business&s_place='+this.options[this.selectedIndex].text"><option> D - F<option> Dallas TX<option> Daly City CA<option> Danbury CT<option> Davenport IA<option> Davis CA<option> Dayton OH<option> Daytona Beach FL<option> Deadwood SD<option> Dearborn MI<option> Dearborn Heights MI<option> Decatur AL<option> Decatur GA<option> Decatur IL<option> Deerfield Beach FL<option> Delaware OH<option> Delaware City DE<option> Delray Beach FL<option> Deltona FL<option> Denton TX<option> Denver CO<option> Derby KS<option> Derry NH<option> Des Moines IA<option> Des Plaines IL<option> Detroit MI<option> Devils Lake ND<option> Diamond Bar CA<option> Dickinson ND<option> Dothan AL<option> Douglas WY<option> Douglasville GA<option> Dover NH<option> Dover DE<option> Downers Grove IL<option> Downey CA<option> Doylestown PA<option> Draper UT<option> Dublin OH<option> Dubuque IA<option> Duluth MN<option> Duluth GA<option> Dundalk MD<option> Durango CO<option> Durant OK<option> Durham NC<option> Durham NH<option> Eagle ID<option> East Hartford CT<option> East Orange NJ<option> East Providence RI<option> Easton PA<option> Eau Claire WI<option> Eden Prairie MN<option> Edinburg TX<option> Edison NJ<option> Edmond OK<option> El Cajon CA<option> El Monte CA<option> El Paso TX<option> Elgin IL<option> Elizabeth NJ<option> Elizabethtown KY<option> Elk Grove CA<option> Elk River MN<option> Elkhart IN<option> Elkhorn NE<option> Elkins WV<option> Elko NV<option> Ellicott City MD<option> Elyria OH<option> Emporia KS<option> Encinitas CA<option> England AR<option> Englewood CO<option> Enid OK<option> Enterprise AL<option> Erie ND<option> Erie PA<option> Erlanger KY<option> Escondido CA<option> Espanola NM<option> Essex Junction VT<option> Estes Park CO<option> Euclid OH<option> Eugene OR<option> Euless TX<option> Eureka Springs AR<option> Evanston IL<option> Evanston WY<option> Evansville WY<option> Evansville IN<option> Everett WA<option> Ewa Beach HI<option> Exeter NH<option> Fairbanks AK<option> Fairfax VA<option> Fairfield CT<option> Fairfield CA<option> Fairmont WV<option> Fall River MA<option> Fallon NV<option> Falls Church VA<option> Falmouth MA<option> Fargo ND<option> Farmington MI<option> Farmington NM<option> Farmington NH<option> Fayetteville NC<option> Fayetteville AR<option> Fe Warren Afb WY<option> Federal Way WA<option> Fenton MO<option> Fishers IN<option> Flagstaff AZ<option> Flint MI<option> Florence SC<option> Florence AL<option> Florence KY<option> Florissant MO<option> Flower Mound TX<option> Flushing NY<option> Foley AL<option> Folsom CA<option> Fond Du Lac WI<option> Fontana CA<option> Fort Collins CO<option> Fort Dodge IA<option> Fort Lauderdale FL<option> Fort Mill SC<option> Fort Myers FL<option> Fort Smith AR<option> Fort Wayne IN<option> Fort Worth TX<option> Fountain Valley CA<option> Framingham MA<option> Frankfort KY<option> Franklin TN<option> Frederica DE<option> Frederick MD<option> Fredericksburg VA<option> Freeport ME<option> Fremont NE<option> Fremont CA<option> Fresh Meadows NY<option> Fresno CA<option> Frisco TX<option> Ft Mitchell KY<option> Fullerton CA</select><select onchange="document.location='/pages/search.php?s_type=business&s_place='+this.options[this.selectedIndex].text"><option> G - I<option> Gadsden AL<option> Gainesville FL<option> Gaithersburg MD<option> Gallup NM<option> Galveston TX<option> Garden City KS<option> Garden City ID<option> Garden Grove CA<option> Gardena CA<option> Gardiner MT<option> Gardner KS<option> Gardnerville NV<option> Garland TX<option> Garretson SD<option> Gary IN<option> Gastonia NC<option> Gatlinburg TN<option> Georgetown KY<option> Georgetown DE<option> Germantown TN<option> Germantown MD<option> Gilbert AZ<option> Gillette WY<option> Glen Burnie MD<option> Glendale CA<option> Glendale AZ<option> Glendora CA<option> Golden CO<option> Goldsboro NC<option> Gonzales LA<option> Goodyear AZ<option> Grand Forks ND<option> Grand Forks Afb ND<option> Grand Island NE<option> Grand Junction CO<option> Grand Prairie TX<option> Grand Rapids MI<option> Great Falls MT<option> Greeley CO<option> Green Bay WI<option> Green River WY<option> Greensboro NC<option> Greenville SC<option> Greenville NC<option> Greenwich CT<option> Greenwood IN<option> Gresham OR<option> Gretna LA<option> Gretna NE<option> Groton CT<option> Gulf Shores AL<option> Gulfport MS<option> Hacienda Heights CA<option> Hagerstown MD<option> Hailey ID<option> Haleiwa HI<option> Hamden CT<option> Hamilton OH<option> Hamilton MT<option> Hammond LA<option> Hammond IN<option> Hampton VA<option> Hampton NH<option> Harlingen TX<option> Harpers Ferry WV<option> Harrisburg PA<option> Harrisburg SD<option> Harrisville RI<option> Hartford CT<option> Hastings NE<option> Hattiesburg MS<option> Haverhill MA<option> Havre MT<option> Hawthorne CA<option> Hays KS<option> Hayward CA<option> Helena MT<option> Hemet CA<option> Hempstead NY<option> Henderson NV<option> Henderson KY<option> Hendersonville TN<option> Hershey PA<option> Hesperia CA<option> Hialeah FL<option> Hickory NC<option> High Point NC<option> Highland CA<option> Hill City SD<option> Hillsboro OR<option> Hilo HI<option> Hilton Head Island SC<option> Hobbs NM<option> Hoboken NJ<option> Hockessin DE<option> Hoffman Estates IL<option> Holland MI<option> Hollywood FL<option> Honolulu HI<option> Hooksett NH<option> Hope Valley RI<option> Hopkinsville KY<option> Houma LA<option> Houston TX<option> Hudson NH<option> Hudson WI<option> Huntington WV<option> Huntington Beach CA<option> Huntington Park CA<option> Huntley MT<option> Huntsville AL<option> Hurricane WV<option> Hutchinson KS<option> Hyattsville MD<option> Idaho Falls ID<option> Incline Village NV<option> Independence MO<option> Indiana PA<option> Indianapolis IN<option> Indio CA<option> Inglewood CA<option> Inver Grove Heights MN<option> Inwood WV<option> Iowa City IA<option> Irvine CA<option> Irving TX<option> Irvington NJ<option> Issaquah WA<option> Ithaca NY</select><select onchange="document.location='/pages/search.php?s_type=business&s_place='+this.options[this.selectedIndex].text"><option> J - L<option> Jackson WY<option> Jackson TN<option> Jackson MS<option> Jackson MI<option> Jacksonville FL<option> Jacksonville AR<option> Jacksonville NC<option> Jamaica NY<option> Jamestown ND<option> Janesville WI<option> Jean NV<option> Jefferson City MO<option> Jersey City NJ<option> Johnson City TN<option> Johnston IA<option> Johnston RI<option> Joliet IL<option> Jonesboro AR<option> Joplin MO<option> Junction City KS<option> Juneau AK<option> Kailua HI<option> Kailua Kona HI<option> Kalamazoo MI<option> Kalispell MT<option> Kaneohe HI<option> Kansas MO<option> Kansas City KS<option> Kapolei HI<option> Katy TX<option> Kearney NE<option> Keene NH<option> Kenner LA<option> Kennesaw GA<option> Kennewick WA<option> Kenosha WI<option> Kent WA<option> Keystone SD<option> Kihei HI<option> Killeen TX<option> King Of Prussia PA<option> Kingman AZ<option> Kingsport TN<option> Kingston RI<option> Kirkland WA<option> Kissimmee FL<option> Kittery ME<option> Knoxville TN<option> Kuna ID<option> La Crosse WI<option> La Habra CA<option> La Mesa CA<option> La Vista NE<option> Laconia NH<option> Lafayette LA<option> Lafayette IN<option> Laguna Niguel CA<option> Lahaina HI<option> Laie HI<option> Lake Charles LA<option> Lake Forest CA<option> Lake Geneva WI<option> Lake Havasu City AZ<option> Lake Oswego OR<option> Lakeland FL<option> Lakeville MN<option> Lakewood CA<option> Lakewood OH<option> Lancaster CA<option> Lancaster PA<option> Lander WY<option> Lansdale PA<option> Lansing MI<option> Laramie WY<option> Laredo TX<option> Largo FL<option> Las Cruces NM<option> Las Vegas NV<option> Laughlin NV<option> Laurel MT<option> Laurel MD<option> Lawrence MA<option> Lawrence KS<option> Lawrenceville GA<option> Lawton OK<option> Layton UT<option> League City TX<option> Leavenworth KS<option> Lebanon TN<option> Lees Summit MO<option> Leesville LA<option> Lehi UT<option> Levittown PA<option> Levittown NY<option> Lewes DE<option> Lewiston ID<option> Lewiston ME<option> Lewisville TX<option> Lexington KY<option> Lexington SC<option> Liberty MO<option> Lihue HI<option> Lima OH<option> Lincoln NE<option> Lincoln City OR<option> Lisbon ND<option> Little Rock AR<option> Littleton CO<option> Livermore CA<option> Livingston MT<option> Livonia MI<option> Lodi CA<option> Logan UT<option> London KY<option> Londonderry NH<option> Long Beach CA<option> Long Beach MS<option> Longmont CO<option> Longview TX<option> Lorain OH<option> Los Alamos NM<option> Los Angeles CA<option> Los Lunas NM<option> Louisville KY<option> Loveland CO<option> Lowell MA<option> Lowell IN<option> Lubbock TX<option> Lynchburg VA<option> Lynn MA<option> Lynnwood WA<option> Lynwood CA</select><select onchange="document.location='/pages/search.php?s_type=business&s_place='+this.options[this.selectedIndex].text"><option> M - O<option> Macon GA<option> Madera CA<option> Madison WI<option> Madison AL<option> Madison MS<option> Malden MA<option> Manassas VA<option> Manchester VT<option> Manchester CT<option> Manchester NH<option> Mandan ND<option> Mandeville LA<option> Manhattan KS<option> Mankato MN<option> Mansfield OH<option> Manteca CA<option> Marietta GA<option> Marion KS<option> Marrero LA<option> Martinsburg WV<option> Maryville TN<option> Mason OH<option> Mason City IA<option> Mcalester OK<option> Mcallen TX<option> Mccall ID<option> Medford OR<option> Medford MA<option> Medina OH<option> Medora ND<option> Melbourne FL<option> Memphis TN<option> Menomonee Falls WI<option> Mentor OH<option> Merced CA<option> Meriden CT<option> Meridian ID<option> Meridian MS<option> Merrillville IN<option> Merrimack NH<option> Mesa AZ<option> Mesquite NV<option> Mesquite TX<option> Metairie LA<option> Miami FL<option> Miami Beach FL<option> Michigan City IN<option> Middlebury VT<option> Middletown DE<option> Middletown NY<option> Middletown OH<option> Middletown CT<option> Midland TX<option> Midvale UT<option> Miles City MT<option> Milford CT<option> Milford NH<option> Milford DE<option> Mililani HI<option> Millsboro DE<option> Milpitas CA<option> Milton VT<option> Milwaukee WI<option> Minneapolis MN<option> Minnetonka MN<option> Minot ND<option> Mission TX<option> Mission Viejo CA<option> Missoula MT<option> Missouri City TX<option> Mitchell SD<option> Mobile AL<option> Modesto CA<option> Monroe LA<option> Montclair NJ<option> Montebello CA<option> Monterey Park CA<option> Montgomery AL<option> Montpelier VT<option> Mooresville NC<option> Moreno Valley CA<option> Morgantown WV<option> Morristown NJ<option> Moscow ID<option> Mount Pleasant SC<option> Mount Prospect IL<option> Mountain Home ID<option> Mountain Home AR<option> Muncie IN<option> Murfreesboro TN<option> Murray KY<option> Murrieta CA<option> Muskogee OK<option> Myrtle Beach SC<option> Nags Head NC<option> Nampa ID<option> Napa CA<option> Naperville IL<option> Narragansett RI<option> Nashua NH<option> Nashville TN<option> National City CA<option> New Bedford MA<option> New Berlin WI<option> New Britain CT<option> New Brunswick NJ<option> New Castle DE<option> New Haven CT<option> New Orleans LA<option> New Rochelle NY<option> New Town ND<option> New York NY<option> Newark NJ<option> Newark OH<option> Newark DE<option> Newport OR<option> Newport VT<option> Newport KY<option> Newport RI<option> Newport Beach CA<option> Newport News VA<option> Newton MA<option> Newton KS<option> Newton Center MA<option> Niagara Falls NY<option> Nitro WV<option> Noblesville IN<option> Norcross GA<option> Norfolk VA<option> Norfolk NE<option> Normal IL<option> Norman OK<option> Norristown PA<option> North Bergen NJ<option> North Charleston SC<option> North Las Vegas NV<option> North Little Rock AR<option> North Myrtle Beach SC<option> North Platte NE<option> North Providence RI<option> Norwalk CA<option> Norwalk CT<option> Novi MI<option> O Fallon MO<option> Oak Lawn IL<option> Oakes ND<option> Oakland CA<option> Ocean City MD<option> Ocean Springs MS<option> Oceanside CA<option> Odessa TX<option> Ogden UT<option> Oklahoma OK<option> Olathe KS<option> Old Greenwich CT<option> Old Orchard Beach ME<option> Olive Branch MS<option> Olympia WA<option> Omaha NE<option> Ontario CA<option> Opelika AL<option> Orange CA<option> Orange Beach AL<option> Ord NE<option> Oregon City OR<option> Orem UT<option> Orland Park IL<option> Orlando FL<option> Oshkosh WI<option> Osseo MN<option> Ottawa KS<option> Overland Park KS<option> Overton NV<option> Owasso OK<option> Owensboro KY<option> Oxford MS<option> Oxnard CA</select><select onchange="document.location='/pages/search.php?s_type=business&s_place='+this.options[this.selectedIndex].text"><option> P - R<option> Paducah KY<option> Pahrump NV<option> Palatine IL<option> Palm Bay FL<option> Palm Harbor FL<option> Palmdale CA<option> Palo Alto CA<option> Panama City FL<option> Papillion NE<option> Paramount CA<option> Paramus NJ<option> Park City UT<option> Parker CO<option> Parkersburg WV<option> Parsippany NJ<option> Pasadena CA<option> Pasadena TX<option> Pascagoula MS<option> Passaic NJ<option> Paterson NJ<option> Pawtucket RI<option> Pearl City HI<option> Pearland TX<option> Pembroke Pines FL<option> Pensacola FL<option> Peoria AZ<option> Peoria IL<option> Petaluma CA<option> Pharr TX<option> Philadelphia PA<option> Philadelphia MS<option> Phoenix AZ<option> Pico Rivera CA<option> Pierre SD<option> Pigeon Forge TN<option> Pine Bluff AR<option> Pine Bluffs WY<option> Pittsburg CA<option> Pittsburg KS<option> Pittsburgh PA<option> Plano TX<option> Plattsmouth NE<option> Pleasanton CA<option> Plymouth MN<option> Plymouth MA<option> Pocatello ID<option> Polson MT<option> Pomona CA<option> Pompano Beach FL<option> Ponca City OK<option> Pontiac MI<option> Port Arthur TX<option> Port Orange FL<option> Port Saint Lucie FL<option> Portland ME<option> Portland OR<option> Portsmouth VA<option> Portsmouth NH<option> Post Falls ID<option> Prescott AZ<option> Princeton NJ<option> Princeton WV<option> Providence RI<option> Provo UT<option> Pueblo CO<option> Puyallup WA<option> Quincy MA<option> Racine WI<option> Raleigh NC<option> Rancho Cordova CA<option> Rancho Cucamonga CA<option> Rancho Santa Margarita CA<option> Rapid City SD<option> Rawlins WY<option> Raymond NH<option> Reading PA<option> Red River NM<option> Redding CA<option> Redlands CA<option> Redmond WA<option> Redondo Beach CA<option> Redwood City CA<option> Rehoboth Beach DE<option> Reno NV<option> Renton WA<option> Reston VA<option> Rexburg ID<option> Rialto CA<option> Richardson TX<option> Richmond VA<option> Richmond KY<option> Richmond CA<option> Ridgeland MS<option> Rio Rancho NM<option> Riverside CA<option> Riverton WY<option> Riverton UT<option> Roanoke VA<option> Rochester NY<option> Rochester MN<option> Rochester MI<option> Rochester NH<option> Rock Hill SC<option> Rock Springs WY<option> Rockford IL<option> Rocklin CA<option> Rockville MD<option> Rocky Mount NC<option> Rogers AR<option> Roseburg OR<option> Rosemead CA<option> Roseville CA<option> Roswell GA<option> Roswell NM<option> Round Rock TX<option> Rowland Heights CA<option> Rowlett TX<option> Royal Oak MI<option> Ruidoso NM<option> Russellville AR<option> Rutland VT</select><select onchange="document.location='/pages/search.php?s_type=business&s_place='+this.options[this.selectedIndex].text"><option> S - U<option> Saco ME<option> Sacramento CA<option> Saginaw MI<option> Saint Albans VT<option> Saint Charles MO<option> Saint Cloud MN<option> Saint George UT<option> Saint Joseph MO<option> Saint Louis MO<option> Saint Paul MN<option> Saint Peters MO<option> Saint Petersburg FL<option> Salem NH<option> Salem OR<option> Salina KS<option> Salinas CA<option> Salisbury MD<option> Salt Lake City UT<option> San Angelo TX<option> San Antonio TX<option> San Bernardino CA<option> San Clemente CA<option> San Diego CA<option> San Francisco CA<option> San Jose CA<option> San Leandro CA<option> San Marcos CA<option> San Mateo CA<option> San Rafael CA<option> Sandpoint ID<option> Sandusky OH<option> Sandy UT<option> Sanford ME<option> Santa Ana CA<option> Santa Barbara CA<option> Santa Clara CA<option> Santa Clarita CA<option> Santa Cruz CA<option> Santa Fe NM<option> Santa Monica CA<option> Santa Rosa CA<option> Santee CA<option> Sarasota FL<option> Satsuma AL<option> Savannah GA<option> Scarborough ME<option> Schaumburg IL<option> Schenectady NY<option> Schofield Barracks HI<option> Scottsbluff NE<option> Scottsdale AZ<option> Scranton PA<option> Seaford DE<option> Searchlight NV<option> Seaside OR<option> Seaside Heights NJ<option> Seattle WA<option> Sedona AZ<option> Seeley Lake MT<option> Sevierville TN<option> Shakopee MN<option> Shawnee OK<option> Shawnee Mission KS<option> Sheboygan WI<option> Shelby MI<option> Shepherdstown WV<option> Sheridan WY<option> Shreveport LA<option> Sierra Vista AZ<option> Silver City NM<option> Silver Spring MD<option> Simi Valley CA<option> Sioux City IA<option> Sioux Falls SD<option> Skokie IL<option> Slidell LA<option> Smyrna GA<option> Smyrna DE<option> Somerset KY<option> Somerville MA<option> South Bend IN<option> South Burlington VT<option> South Gate CA<option> South Jordan UT<option> South Portland ME<option> South San Francisco CA<option> South Sioux City NE<option> Southaven MS<option> Southfield MI<option> Spanish Fork UT<option> Sparks NV<option> Spartanburg SC<option> Spearfish SD<option> Spokane WA<option> Spring TX<option> Springdale AR<option> Springfield VA<option> Springfield VT<option> Springfield MO<option> Springfield OR<option> Springfield IL<option> Springfield OH<option> Springfield MA<option> Stamford CT<option> Starkville MS<option> State College PA<option> Stateline NV<option> Staten Island NY<option> Sterling VA<option> Sterling Heights MI<option> Stillwater OK<option> Stillwater MN<option> Stockton CA<option> Stone Mountain GA<option> Stowe VT<option> Stratford CT<option> Sturgis SD<option> Suffolk VA<option> Sugar Land TX<option> Summerville SC<option> Sumter SC<option> Sun Valley NV<option> Sunnyvale CA<option> Surprise AZ<option> Swanton VT<option> Syracuse NY<option> Tacoma WA<option> Tahlequah OK<option> Tallahassee FL<option> Tampa FL<option> Taos NM<option> Taunton MA<option> Taylor MI<option> Tea SD<option> Temecula CA<option> Tempe AZ<option> Temple TX<option> Terre Haute IN<option> Texarkana AR<option> Thompson ND<option> Thornton CO<option> Thousand Oaks CA<option> Tijeras NM<option> Tinley Park IL<option> Tiverton RI<option> Toledo OH<option> Toms River NJ<option> Topeka KS<option> Torrance CA<option> Torrington WY<option> Townsend DE<option> Towson MD<option> Tracy CA<option> Trenton NJ<option> Tualatin OR<option> Tucson AZ<option> Tulare CA<option> Tulsa OK<option> Tupelo MS<option> Turlock CA<option> Tuscaloosa AL<option> Tustin CA<option> Twin Falls ID<option> Tyler TX<option> Union NJ<option> Union City CA<option> Union City NJ<option> Upland CA<option> Upper Marlboro MD<option> Urbandale IA<option> Utica MI<option> Utica NY</select><select onchange="document.location='/pages/search.php?s_type=business&s_place='+this.options[this.selectedIndex].text"><option> V - Z<option> Vacaville CA<option> Valdosta GA<option> Vallejo CA<option> Valley City ND<option> Valparaiso IN<option> Van Buren AR<option> Vancouver WA<option> Ventura CA<option> Vicksburg MS<option> Victorville CA<option> Vienna VA<option> Vineland NJ<option> Virginia Beach VA<option> Visalia CA<option> Vista CA<option> Waco TX<option> Wahiawa HI<option> Wahpeton ND<option> Waianae HI<option> Waimanalo HI<option> Waipahu HI<option> Walcott ND<option> Waldorf MD<option> Wallingford CT<option> Walls MS<option> Walnut Creek CA<option> Waltham MA<option> Warner Robins GA<option> Warren MI<option> Warwick RI<option> Washington DC<option> Waterbury CT<option> Waterford MI<option> Waterloo IA<option> Watertown NY<option> Watertown SD<option> Waterville ME<option> Waukegan IL<option> Waukesha WI<option> Wausau WI<option> Wayne NJ<option> Weirton WV<option> Wells ME<option> West Bend WI<option> West Chester PA<option> West Columbia SC<option> West Covina CA<option> West Des Moines IA<option> West Fargo ND<option> West Hartford CT<option> West Haven CT<option> West Jordan UT<option> West Monroe LA<option> West Palm Beach FL<option> West Warwick RI<option> West Yellowstone MT<option> Westbrook ME<option> Westerly RI<option> Westerville OH<option> Westland MI<option> Westminster CA<option> Westminster CO<option> Westport CT<option> Weymouth MA<option> Wheaton IL<option> Wheeling WV<option> White Plains NY<option> White River Junction VT<option> Whitefish MT<option> Whittier CA<option> Wichita KS<option> Wichita Falls TX<option> Wildwood NJ<option> Wilkes Barre PA<option> Williamsburg VA<option> Williston VT<option> Williston ND<option> Wilmington NC<option> Wilmington DE<option> Wilsonville OR<option> Windham ME<option> Winona MN<option> Winooski VT<option> Winston Salem NC<option> Woburn MA<option> Woodbridge VA<option> Woodland CA<option> Woonsocket RI<option> Worcester MA<option> Yakima WA<option> Yankton SD<option> Yonkers NY<option> Yorba Linda CA<option> York NE<option> York ME<option> York PA<option> Youngstown OH<option> Yuba City CA<option> Yucaipa CA<option> Yukon OK<option> Yuma AZ</select>
</div></div><a href="http://www.yelp.com" target="_blank"><img src="/s/r/yelp.gif" class="btnAdd" alt="Reviews on Yelp.com"></a></div><div id="footer" title="0.041">
<script>ftr()</script>
</div>

</div>
<div id="menu"><div><ol>
<li><a href="http://www.autorepaircompanies.com" class="company"><span>Find a Business</span></a></li>
<li><a href="/get-a-quote" class="quote"><span>Get a Quote</span></a></li>
<li><a href="/reviews" class="review"><span>Reviews</span></a></li>
<li><a href="/jobs" class="jobs"><span>Job Board</span></a></li>
<li><a href="/classifieds" class="items"><span>Classifieds</span></a></li>
<li><a href="/promotions" class="promo"><span>Promotions</span></a></li>
<li><a href="/training-courses" class="certificate"><span>Courses</span></a></li>
<li><a href="/cv-resumes" class="cv"><span>CV Resumes</span></a></li>
</ol></div></div>

<div id="t"><div>
<a href="http://www.autorepaircompanies.com" class="h">Home Page</a> 
<span>Auto Repair Company Reviews</span> </div></div>

<div id="menu2"><ol>
<li class="reg"><a href="/pages/registration.php" rel="nofollow">List Your Business</a></li>
<li class="user"><a href="/pages/login.php" rel="nofollow">My Profile</a></li>
<li class="taf"><a href="javascript:void(0)" onclick="pTaf('place','')" rel="nofollow">Tell a Friend</a></li>
<li class="bookmark"><a href="javascript:void(0)" onclick="pLinkUs()" rel="nofollow">Link to Us</a></li>
<li class="contact"><a href="/pages/contact.php" rel="nofollow">Contact Us</a></li>
</ol></div>


</div></body>
</html>